Title,Description,Published At,Days Since Published,View Count,Like Count,Comment Count,Subscriber Count,Category ID,Definition,Top Comments
ENHYPEN (엔하이픈) 'No Doubt' Official MV,"ENHYPEN (엔하이픈) 'No Doubt' Official MV

Credits:
Directed by Yunah Sheep

ⓒ BELIFT LAB Inc. All Rights Reserved

Connect with ENHYPEN
OFFICIAL WEBSITE https://ENHYPEN.com
ENHYPEN Weverse https://www.weverse.io/enhypen
OFFICIAL YOUTUBE https://www.youtube.com/ENHYPENOFFICIAL
OFFICIAL X (TWITTER) https://twitter.com/ENHYPEN
ENHYPEN X (TWITTER) https://twitter.com/ENHYPEN_members
OFFICIAL FACEBOOK https://www.facebook.com/officialENHYPEN
OFFICIAL INSTAGRAM https://www.instagram.com/enhypen
OFFICIAL TIKTOK  https://www.tiktok.com/@enhypen
OFFICIAL WEIBO https://weibo.com/ENHYPEN
OFFICIAL BILIBILI https://space.bilibili.com/3493119035181246
OFFICIAL JAPAN X (TWITTER) https://twitter.com/ENHYPEN_JP

#ENHYPEN #엔하이픈 #ROMANCE_UNTOLD_daydream #NoDoubt",2024-11-11T08:56:07Z,30,28210348,819786,64095,76200000,10,hd,"['I LOVE THE CHOREOGRAPHY THE SHOULDER DANCE AND THE WHISTLE THING THE SONG THE OUTFITS THE CHORUS EVERITHJNG!', 'can we talk about how enhypen still manages to include their lore into every single song , while having drastically different concepts ?? im soso proud this song is absolutely AMAZING, the visuals, the vocals, the outfits, every single thing has me jawdropped.', 'Jay&#39;s visual, Niki&#39;s visual, Sunghoon&#39;s visual, Jungwon&#39;s visual, Jake&#39;s visual, Heeseung&#39;s visual, and Sunoo&#39;s visual are drive me crazy<a href=""UCkszU2WH9gy1mb0dV-11UJg/YvgfY-LIBpjChgHKyYCQBg""></a>', 'This music video is a masterpiece! The visuals, the choreography, and their expressions are on point. Enhypen keeps raising the bar every time!', 'The song, the vocals, the choreography, the visuals, the beat, Jungwon, Heeseung, Jay, Jake, Sunghoon, Sunoo, NI-KI, everything is PERFECT I’m impressed', '“Do not fall in love too deeply” A friendly  but a life saver reminder from enhypen.', 'Ni-ki and jay own this sm! Enhypen can pull off any era', 'ENHYPENの曲、全曲好きだけど、No doubtはTOP5に入る！！', 'NO DOUBT, THIS ATE SO HARD!!! The visuals, the vocals, everything is just on point. Whoever chose the fits needs a raise', '曲は良いし､ダンスも色気たっぷりでかっこいいし､メンバー全員大優勝のビジュアル｡こんな最高のグループに出会えて良かった♡']"
