Title,Description,Duration,View Count,Like Count,Comment Count,Days Since Published,Subscriber Count,Top Comments
ENHYPEN (엔하이픈) 'No Doubt' Official MV,"ENHYPEN (엔하이픈) 'No Doubt' Official MV

Credits:
Directed by Yunah Sheep

ⓒ BELIFT LAB Inc. All Rights Reserved

Connect with ENHYPEN
OFFICIAL WEBSITE https://ENHYPEN.com
ENHYPEN Weverse https://www.weverse.io/enhypen
OFFICIAL YOUTUBE https://www.youtube.com/ENHYPENOFFICIAL
OFFICIAL X (TWITTER) https://twitter.com/ENHYPEN
ENHYPEN X (TWITTER) https://twitter.com/ENHYPEN_members
OFFICIAL FACEBOOK https://www.facebook.com/officialENHYPEN
OFFICIAL INSTAGRAM https://www.instagram.com/enhypen
OFFICIAL TIKTOK  https://www.tiktok.com/@enhypen
OFFICIAL WEIBO https://weibo.com/ENHYPEN
OFFICIAL BILIBILI https://space.bilibili.com/3493119035181246
OFFICIAL JAPAN X (TWITTER) https://twitter.com/ENHYPEN_JP

#ENHYPEN #엔하이픈 #ROMANCE_UNTOLD_daydream #NoDoubt",PT3M5S,28204321,819723,64090,30,76200000,I LOVE THE CHOREOGRAPHY THE SHOULDER DANCE AND THE WHISTLE THING THE SONG THE OUTFITS THE CHORUS EVERITHJNG!
